Team,Manager Name,Installation (in years)
France,Didier Deschamps,11
England,Gareth Southgate,7
Croatia,Zlatko Dalic,6
Hungary,Marco Rossi,6
Slovenia,Matjaz Kek,5
Scotland,Steve Clarke,5
Denmark,Kasper Hjulmand,3
Georgia,Willy Sagnol,3
Serbia,Dragan Stojkovic,3
Switzerland,Murat Yakin,2
Romania,Edward Iordănescu,2
Austria,Ralf Rangnick,2
Slovakia,Francesco Calzona,1
Spain,Luis de la Fuente,1
Netherlands,Ronald Koeman,1
Albania,Sylvinho Sylvinho,1
Portugal,Roberto Martínez,1
Belgium,Domenico Tedesco,1
Ukraine,Sergiy Rebrov,1
Italy,Luciano Spalletti,0
Poland,Michal Probierz,0
Türkiye,Vincenzo Montella,0
Germany,Julian Nagelsmann,0
Czechia,Ivan Hasek,0
